id,nEsgxvAq,OMtioXZZ,YFMZwKrU,TiwRslOh,name
8203.0,8203.0,8203.0,8203.0,8203.0,count
49672.317688650495,-7.590637571620139,17.46446422040717,-2.985615018895526,-4.191027672802633,mean
28799.84096286359,5.810942441314216,10.853653918367483,0.8962452885201385,4.4725674941632985,std
14.0,-70.0,-127.0,-4.0,-31.0,min
24871.5,-10.0,12.0,-4.0,-7.0,25%
49422.0,-4.0,12.0,-3.0,-3.0,50%
74074.0,-4.0,21.0,-2.0,-1.0,75%
99965.0,-4.0,111.0,1.0,3.0,max
