id,iid,XKQWlRjk,vWNISgEA,bsMfXBld,XKyOwsRR,CgAkQtOd,name
14701.0,14701.0,14701.0,14701.0,14701.0,14701.0,14701.0,count
49710.81137337596,5.8921161825726145,2.427794027617169,21.90089109584382,5.4116998843616075,194.8300795864227,-14.998768661995783,mean
28651.82465772235,12.956097758727804,49.07993660447558,31.151696646696454,9.052928520875115,281.0777096821997,25.477120582861627,std
3.0,1.0,-128.0,9.0,-46.2,-3.0,-1797.8164000000006,min
25154.0,2.0,1.0,9.0,9.0,-3.0,-7.0,25%
49956.0,3.0,1.0,9.0,9.0,-3.0,-7.0,50%
73949.0,5.0,1.0,9.0,9.0,377.0,-7.0,75%
99992.0,95.0,125.0,149.0,9.0,945.0,-7.0,max
