id,nEsgxvAq,OMtioXZZ,YFMZwKrU,TiwRslOh,name
4041.0,4041.0,4041.0,4041.0,4041.0,count
49649.38208364266,-7.698589458054937,17.489977728285076,-2.9750061865874784,-4.202177678792378,mean
28701.384478560507,6.3712861820702535,10.574650289117253,0.9179825632046915,4.381436448877371,std
8.0,-100.0,-6.0,-4.0,-33.0,min
24546.0,-10.0,12.0,-4.0,-7.0,25%
50011.0,-4.0,12.0,-3.0,-3.0,50%
74062.0,-4.0,21.0,-2.0,-1.0,75%
99975.0,-4.0,93.0,1.0,3.0,max
