id,iid,OdXpbPGJ,ukWqmeSS,name
37560.0,37560.0,31292.0,37560.0,count
49831.59358359958,3.3323748668796593,8.719129489965486,107.02276357827476,mean
28899.395091891733,2.0830658272886535,21.089956049641525,91.79511697552083,std
14.0,1.0,4.0,1.0,min
24851.75,2.0,4.0,36.0,25%
49555.0,3.0,4.0,81.0,50%
74538.5,5.0,4.0,151.0,75%
99965.0,17.0,214.0,551.0,max
