id,iid,OdXpbPGJ,ukWqmeSS,name
18535.0,18535.0,15472.0,18535.0,count
49419.232263285674,3.313191259778797,8.660224922440538,106.67547882384677,mean
28827.317728884493,2.0664075547202243,20.802211468160852,90.95532475911166,std
8.0,1.0,4.0,1.0,min
23896.5,2.0,4.0,36.0,25%
49381.0,3.0,4.0,81.0,50%
73952.0,5.0,4.0,151.0,75%
99975.0,19.0,200.0,536.0,max
