id,wJthinfa,ZvEApWrk,vuQrLzvK,FGWqGkmD,qrOrXLPM,BXOWgPgL,umkFMfvA,McFBIGsm,NjDdhqIe,rCVqiShm,ldnyeZwD,BEyCyEUG,NBWkerdL,IrxBnWxE,BRzuVmyf,dnlnKrAg,VyHofjLM,GrLBZowF,oszSdLhD,aAufyreG,cDhZjxaW,OSmfjCbE,IOMvIGQS,name
1604.0,1604.0,1604.0,1604.0,317.0,1604.0,1243.0,441.0,1243.0,1604.0,1604.0,1604.0,1604.0,1604.0,139.0,881.0,244.0,1604.0,1604.0,1604.0,428.0,1604.0,1245.0,1604.0,count
50127.06982543641,43.566084788029926,95.06608478802993,20.390897755610972,-7.006309148264984,22.34413965087282,154.22767497988738,-32.61224489795919,302.7843925985519,86.5922693266833,-47.417705735660846,36.167705735660846,-20.627182044887782,-157.8715710723192,0.4676258992805755,46.85925085130533,-15960.672131147541,2.0199501246882794,-242.38029925187033,0.6583541147132169,45.455607476635514,-82.74563591022444,-333.6265060240964,74.02119700748129,mean
28483.8738861734,23.43568727254786,115.48209453346804,71.18493530088485,9.381504053003974,6.850057711470702,126.49081541059522,8.51131517953267,156.8246048827529,116.11781007528951,52.16139439256164,13.968637162510111,5.944904813321474,225.6499056943926,8.828726300600705,45.8452008381759,38.90971772849457,1.518314394363364,332.6189879614501,1.7399166870552243,45.14686304149216,88.90486486429523,151.94071795522808,60.1410448626302,std
48.0,-118.0,-2.0,-124.0,-53.0,8.0,-40.0,-54.0,-43.0,-7.0,-608.0,-126.0,-34.0,-6994.0,-45.0,9.0,-16047.0,-2.0,-5044.0,-23.0,-6.0,-1199.0,-506.0,0.0,min
25950.0,26.0,33.0,-34.0,-13.0,16.0,50.0,-36.0,185.0,28.0,-48.0,25.0,-24.0,-211.0,3.0,21.0,-15991.0,2.0,-364.0,1.0,12.0,-119.0,-456.0,50.0,25%
51093.0,42.0,68.0,32.0,-3.0,24.0,150.0,-36.0,305.0,63.0,-28.0,34.0,-24.0,-106.0,3.0,36.0,-15951.0,2.0,-184.0,1.0,39.0,-59.0,-356.0,50.0,50%
74666.0,58.0,103.0,77.0,2.0,24.0,250.0,-27.0,425.0,98.0,-24.0,43.0,-14.0,-71.0,3.0,51.0,-15927.0,2.0,-64.0,1.0,50.25,-39.0,-256.0,100.0,75%
99801.0,122.0,1258.0,127.0,2.0,48.0,500.0,-18.0,605.0,1253.0,-8.0,111.0,-4.0,-1.0,3.0,276.0,-15911.0,8.0,-4.0,1.0,273.0,1.0,34.0,900.0,max
