id,wJthinfa,ZvEApWrk,vuQrLzvK,FGWqGkmD,qrOrXLPM,BXOWgPgL,umkFMfvA,McFBIGsm,NjDdhqIe,rCVqiShm,ldnyeZwD,BEyCyEUG,NBWkerdL,IrxBnWxE,BRzuVmyf,dnlnKrAg,VyHofjLM,GrLBZowF,oszSdLhD,aAufyreG,cDhZjxaW,OSmfjCbE,IOMvIGQS,name
3255.0,3255.0,3255.0,3255.0,602.0,3255.0,2504.0,890.0,2504.0,3255.0,3255.0,3255.0,3255.0,3255.0,272.0,1794.0,532.0,3255.0,3255.0,3255.0,909.0,3255.0,2504.0,3255.0,count
50057.635023041476,43.38125960061444,96.04086021505377,17.427342549923196,-7.509966777408638,22.20337941628264,158.3546325878594,-33.279775280898875,301.1062300319489,88.59784946236559,-48.19539170506913,36.681720430107525,-20.377880184331797,-158.61935483870968,0.6470588235294118,45.675585284280935,-15965.135338345865,1.9748079877112135,-249.52811059907833,0.6706605222734255,45.78217821782178,-85.93701996927804,-339.5682907348243,78.56835637480799,mean
28615.90130158244,22.728440528588784,105.55689466028787,72.0579492743883,9.499140884118523,6.962657503885782,124.53528652312771,8.23169380210305,155.90484377577658,107.26892745841235,52.98157456759684,14.33817850157264,6.0927881480069646,148.41943276099536,9.09768991542716,41.675285753428525,39.715899173436945,1.5650153268454963,322.4681033562861,1.833827136556855,49.499820576446155,114.53791358122231,147.833795634002,63.12342068276141,std
17.0,-126.0,-2.0,-125.0,-53.0,8.0,-40.0,-63.0,-43.0,-7.0,-968.0,-126.0,-34.0,-1681.0,-61.0,9.0,-16047.0,-2.0,-5044.0,-23.0,-6.0,-3639.0,-506.0,0.0,min
25938.0,26.0,33.0,-39.0,-13.0,16.0,50.0,-36.0,185.0,28.0,-48.0,25.0,-24.0,-211.0,3.0,21.0,-15999.0,2.0,-364.0,1.0,12.0,-119.0,-501.0,50.0,25%
50299.0,42.0,68.0,27.0,-8.0,24.0,150.0,-36.0,305.0,63.0,-28.0,34.0,-24.0,-106.0,3.0,36.0,-15959.0,2.0,-184.0,1.0,39.0,-59.0,-356.0,50.0,50%
74848.0,58.0,138.0,77.0,2.0,24.0,250.0,-27.0,425.0,98.0,-28.0,43.0,-14.0,-71.0,3.0,51.0,-15927.0,2.0,-64.0,1.0,48.0,-39.0,-256.0,100.0,75%
99979.0,122.0,1069.0,127.0,2.0,48.0,500.0,-18.0,605.0,1253.0,-8.0,124.0,-4.0,-1.0,3.0,276.0,-15911.0,8.0,-4.0,1.0,426.0,1.0,34.0,900.0,max
