id,iid,XKQWlRjk,vWNISgEA,bsMfXBld,XKyOwsRR,CgAkQtOd,name
29913.0,29913.0,29913.0,29913.0,29913.0,29913.0,29913.0,count
49996.52910105974,6.069534984789222,1.4818306421957008,22.29478821916892,5.317193193594758,196.69137164443552,-14.94921691906529,mean
28764.21772951184,13.497450760310278,48.99207692811369,31.615397880991804,9.158481848429025,280.8851366199794,20.33393196558406,std
5.0,1.0,-128.0,9.0,-69.0,-3.0,-325.3672,min
25312.0,2.0,1.0,9.0,9.0,-3.0,-7.0,25%
49767.0,3.0,1.0,9.0,9.0,-3.0,-7.0,50%
75059.0,5.0,1.0,9.0,9.0,381.0,-7.0,75%
99999.0,93.0,125.0,149.0,9.0,949.0,-7.0,max
